chainId,arc_height,projectile_speed,doll_duration,taunt_radius,health_percent,instant_spawn,spawn_offset_x,spawn_offset_y,cooldown,mine_count,mine_trigger_radius,mine_lifetime,root_duration,max_active,impact_vfx
CHAIN_DOLL_001,30000,80000,30000,30000,800000,,,,,,,,,,
CHAIN_BARRICADE_001,,,30000,,500000,1,-2000,,,,,,,,
CHAIN_BARRICADE_001_L10,,,30000,,700000,1,-2000,,,,,,,,
CHAIN_BARRICADE_001_L30,,,50000,,700000,1,-2000,,,,,,,,
CHAIN_BARRICADE_001_L50,,,50000,,1000000,1,-2000,,,,,,,,
CHAIN_POLICE_BAR2,,,30000,,350000,1,-2000,-4500,,,,,,,
CHAIN_POLICE_BAR_HP,,,,,300000,,,,,,,,,,
CHAIN_POLICE_BAR_TUNE,,,,,-150000,,,4500,,,,,,,
CHAIN_SIGMA_MINE,,,,,,,,,,1,6000,100000,,4,instant_explosion_boom
CHAIN_SIGMA_MINE_B2,,,,,,,,,,,,,,,
CHAIN_SIGMA_MINE_B3,,,,,,,,,,,,,,,
